UserID,FIRST_NAME,LAST_NAME,EMAIL,PASSWORD
0,Eleanor,Clipston,eclipston0@ezinearticles.com,F4KAiiQg5lYa
1,Grenville,Pepineaux,gpepineaux1@sohu.com,TmKiML7EfjvE
2,Loree,Broughton,lbroughton2@oracle.com,N7EVq6R
3,Doroteya,Phateplace,dphateplace3@gizmodo.com,HcFuYzSUAedg
4,Artur,Guarin,aguarin4@japanpost.jp,2mi9ly
5,Terrijo,Sherr,tsherr5@ovh.net,U1fZLA
6,Vonny,Ledwith,vledwith6@sbwire.com,AiBStxl
7,Lyda,Canning,lcanning7@loc.gov,aOqCSpb
8,Louisette,Guyet,lguyet8@comcast.net,U0UtHc
9,Pepita,Darragon,pdarragon9@gravatar.com,Bm3ktlsK9I18
10,Loretta,Kyndred,lkyndreda@oaic.gov.au,hq1Cl43Sq
11,Jania,Garthland,jgarthlandb@state.tx.us,AKRry0o2x0T
12,Ruprecht,MacDermid,rmacdermidc@cmu.edu,kS5xeF9
13,Odetta,Kobu,okobud@hhs.gov,gMl8rx6NL
14,Freeman,Jencken,fjenckene@sbwire.com,aHh6YlJ3pmvY
15,Mair,Blaxeland,mblaxelandf@about.com,Ao3u2THtuYv
16,Guinevere,Cockshutt,gcockshuttg@amazon.de,iy5oyotwYNm
17,Aland,Vossgen,avossgenh@mashable.com,SvnjGf
18,Ardis,McClunaghan,amcclunaghani@fc2.com,lsdRC4T
19,Marika,Dennerley,mdennerleyj@walmart.com,uxlN2ND
20,Josefa,Gherardesci,jgherardescik@ifeng.com,UejeVXe
21,Vikki,Feldberger,vfeldbergerl@loc.gov,5mR05PGy
22,Marcille,Wild,mwildm@cdc.gov,15qX4MJyI
23,Romona,Muckersie,rmuckersien@seesaa.net,knOaheYrkVqX
24,Lauralee,Hitchens,lhitchenso@goo.ne.jp,Lfm7DcNqhEnC
25,Luca,Thomton,lthomtonp@dyndns.org,dv3I4FC
26,Gabby,Truin,gtruinq@blogspot.com,2zjOoKdFTpDk
27,Herta,Piotrowski,hpiotrowskir@biglobe.ne.jp,KBOs20aNZ7
28,Ernesto,Sibson,esibsons@godaddy.com,Lgp4nrzTpOBb
29,Zeb,Berryman,zberrymant@dion.ne.jp,NRQsT6Xv6Bv
30,Mano,Grigoletti,mgrigolettiu@youtube.com,vuD3BFw
31,Angus,Covet,acovetv@indiatimes.com,FMC1uq
32,Charis,Linner,clinnerw@pen.io,pznKwk3w1P0i
33,Udall,Oxtaby,uoxtabyx@cornell.edu,8kqoJ03
34,Natalina,Giraldez,ngiraldezy@behance.net,3R9HokBJ
35,Irv,Folcarelli,ifolcarelliz@weebly.com,y3EwMB
36,Conchita,Hammerich,chammerich10@upenn.edu,uFmDUd9mvvo
37,Gertrudis,Boddington,gboddington11@blogs.com,4W93uA9KSjh0
38,Iona,Sign,isign12@engadget.com,M3LAnUPauw
39,Cullen,Costellow,ccostellow13@prlog.org,2IhqrP
40,Otes,Bellringer,obellringer14@cmu.edu,t3bboc
41,Brinn,Geaves,bgeaves15@ycombinator.com,I5i4Gv22qzw
42,Griff,Geratasch,ggeratasch16@nature.com,uzX8dr
43,Sigvard,Champken,schampken17@about.me,OYi02vxh
44,Cross,Benkhe,cbenkhe18@usatoday.com,EjkfjgE
45,Derron,McCluin,dmccluin19@java.com,a7H1rK8
46,Sandy,Brunsdon,sbrunsdon1a@list-manage.com,6ZVYMv
47,Augustine,Gorse,agorse1b@php.net,CjbTS13QE
48,Dyana,Blakemore,dblakemore1c@columbia.edu,gb5XnL
49,Samantha,Eadon,seadon1d@netvibes.com,DIWIDK
50,Valaree,Jorry,vjorry1e@bloglines.com,13yWHXt9QFHO
51,Pall,Wolverson,pwolverson1f@amazon.com,HTnY8cIT
52,Lancelot,Watsam,lwatsam1g@diigo.com,ucdi9DexGF
53,Eric,Odeson,eodeson1h@diigo.com,4Ni3c6PejOX8
54,Clevie,Askem,caskem1i@arizona.edu,gHakSoA
55,Ami,Huguet,ahuguet1j@xrea.com,tZpUGJL0Pf
56,Corbett,Willishire,cwillishire1k@businesswire.com,VTKoFX
57,Cornela,Iozefovich,ciozefovich1l@dyndns.org,O1VhKuYJg6Ma
58,Mable,Camerana,mcamerana1m@taobao.com,4UKxsU
59,Idalina,Goodman,igoodman1n@elegantthemes.com,Kks14r
60,Sansone,Steward,ssteward1o@omniture.com,yQkCoNbAchnM
61,Patsy,Gatty,pgatty1p@cloudflare.com,XqmnIvW4jYp
62,Benita,Francombe,bfrancombe1q@1und1.de,BhM1PZPF3y
63,Reagen,Osgardby,rosgardby1r@wufoo.com,Ws9q4JpTx
64,Roi,Ast,rast1s@tripadvisor.com,g186j0LrpO
65,Hynda,Berzin,hberzin1t@sfgate.com,dDu2DHv
66,Garrett,Clissell,gclissell1u@google.com,NxU2Cj5s21i
67,Iggy,Smeal,ismeal1v@imgur.com,WQTzQalScPTl
68,Gabriel,Iggalden,giggalden1w@ovh.net,zpC7z4Im
69,Shelley,Kersting,skersting1x@rambler.ru,DeeAhp6fHtY
70,Belia,Doy,bdoy1y@sourceforge.net,SoBbsLOtzDvY
71,Tersina,Scibsey,tscibsey1z@amazon.co.uk,2sZkKn5Dy
72,Lisa,Pecey,lpecey20@addthis.com,Fw36SOuDKL
73,Tulley,Benjafield,tbenjafield21@about.com,JctvbsAIP
74,Katerina,Bittlestone,kbittlestone22@dot.gov,o1R8vrzvjp
75,Griffin,Seyler,gseyler23@eepurl.com,HCoVgY6
76,Mathe,Harrinson,mharrinson24@goodreads.com,UBExibW
77,Marco,Giovanetti,mgiovanetti25@deviantart.com,nGZxlPr
78,Ashleigh,Corr,acorr26@t-online.de,j58W4mMWu2t
79,Bette-ann,Rydings,brydings27@paypal.com,LUKAeKELqB
80,Othello,Draysey,odraysey28@sogou.com,hFrywtY
81,Micki,Koppe,mkoppe29@hc360.com,vKjvue8Q5
82,Bathsheba,Yersin,byersin2a@nps.gov,PUTkiXth8A
83,Abby,Demoge,ademoge2b@geocities.com,vibRqofeZFI
84,Berthe,Hakonsen,bhakonsen2c@wiley.com,aqw3CHIC4nuw
85,Portia,Meriott,pmeriott2d@biblegateway.com,HHMfaHGou
86,Herculie,Gepheart,hgepheart2e@paginegialle.it,gGdAWXs
87,Orion,Norwood,onorwood2f@uol.com.br,8T288i0eU
88,Brittney,Lerhinan,blerhinan2g@zdnet.com,9VigHO
89,Winfield,Janicki,wjanicki2h@businessinsider.com,wxkMZBd6drZT
90,Raina,Grzeszczyk,rgrzeszczyk2i@technorati.com,hnO6AG38YWi
91,Tris,Janca,tjanca2j@ed.gov,i8qRFcysfez
92,Gibbie,Kruse,gkruse2k@time.com,t14b8Pd
93,Tanner,Skin,tskin2l@oracle.com,LV6sn07
94,Ring,Ebbens,rebbens2m@mediafire.com,paQLCAKc
95,Marilee,Menico,mmenico2n@intel.com,aU9uMC
96,Gearalt,Ondrousek,gondrousek2o@cbsnews.com,E644EdzPh7r
97,Gabriell,Masterton,gmasterton2p@about.me,UZmQ5f
98,Harold,Curphey,hcurphey2q@wsj.com,GMzFMqT60eB
99,Cedric,Jolley,cjolley2r@go.com,pfqwR0
100,Yul,O'Teague,yoteague2s@comsenz.com,y2uASOgCub1k
101,Kalvin,Kennealy,kkennealy2t@nsw.gov.au,5fVZPv9C1
102,Ambrosius,Alcock,aalcock2u@themeforest.net,1aFTZgY
103,Kit,Aldam,kaldam2v@sciencedirect.com,itx59k
104,Lorne,Ingman,lingman2w@virginia.edu,B2KwkcKKs
105,Trenton,Hammond,thammond2x@printfriendly.com,51jFlK4
106,Aleksandr,Palffrey,apalffrey2y@yahoo.co.jp,ENkPdqKQlf
107,Giovanna,Mott,gmott2z@usa.gov,DneQtkjfZcQ
108,Farrell,Yakovich,fyakovich30@hexun.com,aFCYXKZU0Bt
109,Anatole,Phear,aphear31@constantcontact.com,zWz8E2
110,Lizzie,McClintock,lmcclintock32@sogou.com,Kfhd51mM
111,Delmar,Kite,dkite33@freewebs.com,ibXlZp0KKRa
112,Winn,MacConnell,wmacconnell34@bloglovin.com,gJZHL5eMB
113,Shane,De Hooge,sdehooge35@accuweather.com,NC02oDbgEc0
114,Verney,Ilyuchyov,vilyuchyov36@wix.com,XFtHjeQ4nhSH
115,Susan,Broadist,sbroadist37@nationalgeographic.com,n5s85Inry
116,Del,Gruby,dgruby38@independent.co.uk,d6LTKxtAxwz1
117,Ambros,Poxton,apoxton39@pinterest.com,M5cdyH2
118,Lemar,Derobert,lderobert3a@mac.com,y10j3z
119,Blithe,Lestrange,blestrange3b@mapquest.com,cV1HPMz
120,Rickey,O'Hearn,rohearn3c@51.la,kmnJ06GuH
121,Anthea,Seamarke,aseamarke3d@rakuten.co.jp,2DTl1pH
122,Tiffy,Dellenty,tdellenty3e@example.com,dxuAvd
123,Clareta,Veregan,cveregan3f@admin.ch,CTAGRqfVn
124,Jeffie,Grigoletti,jgrigoletti3g@nifty.com,bxcuZR0Qlzd
125,See,Nouch,snouch3h@chicagotribune.com,qEBWenX
126,Livvie,Lanktree,llanktree3i@bbb.org,jUVcU2
127,Walden,Scare,wscare3j@weebly.com,bzktCj1yU4C
128,Renelle,Banville,rbanville3k@chronoengine.com,pWJyuBvNsyo
129,Devy,Drinkhall,ddrinkhall3l@biblegateway.com,WQTVf1goIDB
130,Norina,Molfino,nmolfino3m@macromedia.com,jdro0buVmzQ
131,Artur,Tesdale,atesdale3n@sbwire.com,15b3YiH
132,Lockwood,Jennick,ljennick3o@biglobe.ne.jp,AWQOQdyNm
133,Hilary,Choulerton,hchoulerton3p@acquirethisname.com,1giQhP
134,Keen,Yakunkin,kyakunkin3q@statcounter.com,IK7FTo
135,Kaye,Tipping,ktipping3r@topsy.com,4Jeemq4x
136,Dianemarie,Clopton,dclopton3s@newsvine.com,VBCX63o
137,Madalena,Malzard,mmalzard3t@hatena.ne.jp,Y0ssc6KS
138,Andrey,Treadgall,atreadgall3u@privacy.gov.au,nx65oe9
139,Heddie,Heam,hheam3v@tumblr.com,5aboAc
140,Sascha,Livingstone,slivingstone3w@ucoz.com,eeMw4h7ZEfJC
141,Aggy,Pinchen,apinchen3x@irs.gov,nnSdpvm
142,Manolo,Conford,mconford3y@etsy.com,ToNE13l
143,Harv,Osichev,hosichev3z@house.gov,sHkjiosqRlX
144,Dyann,Kitchinham,dkitchinham40@google.nl,cwTb43kjIQU
145,Lisha,Ciobutaru,lciobutaru41@spiegel.de,6JEBL1uOiukS
146,Rolfe,Stainton - Skinn,rstaintonskinn42@t-online.de,MhHRoDYnejdv
147,Anna-diane,Beresfore,aberesfore43@qq.com,I29fF3
148,Locke,Presidey,lpresidey44@webeden.co.uk,i9JhtWx9
149,Jethro,Urquhart,jurquhart45@reddit.com,xzht70qO
150,Zacharias,Gameson,zgameson46@paypal.com,e8O3QQ
151,Jodi,Menghi,jmenghi47@auda.org.au,mysbhxzGu
152,Bryna,Poulden,bpoulden48@altervista.org,nUUWl0Qostce
153,Hilario,Chantrell,hchantrell49@msu.edu,6lXRFRS
154,Mal,Groll,mgroll4a@ycombinator.com,HswviMXFmr
155,Nikoletta,Scarth,nscarth4b@yellowbook.com,bLZzpVd
156,Samara,Piatti,spiatti4c@tumblr.com,pj4aHMN5OB
157,Leanna,Howsam,lhowsam4d@dmoz.org,le7u0M
158,Steffane,Culmer,sculmer4e@google.ru,JCPMAF1Ky
159,Donalt,Spilsbury,dspilsbury4f@amazon.co.uk,GymNcs3vwjS
160,Vanda,Gilardengo,vgilardengo4g@sphinn.com,POyCgY
161,Olivie,Brimilcome,obrimilcome4h@rakuten.co.jp,VroaVOasfwUy
162,Alexi,Escritt,aescritt4i@icq.com,i5itF8L4Y8
163,Aurie,Tesoe,atesoe4j@yahoo.com,agEC2pFD
164,Carl,Rubberts,crubberts4k@google.fr,m8Ahz3A
165,Kissee,Colleymore,kcolleymore4l@dyndns.org,f6G63AT
166,Victoria,Midden,vmidden4m@ovh.net,VfJswb1
167,Kippy,Brassington,kbrassington4n@dmoz.org,Q5IOkB2fEAX
168,Halley,Harvard,hharvard4o@fema.gov,fCW9eS0
169,Stanford,Boerderman,sboerderman4p@berkeley.edu,USEUroLfiQsL
170,Gaye,Spearman,gspearman4q@baidu.com,LEcRykaX6l3t
171,Harman,McGookin,hmcgookin4r@jigsy.com,m0UwV2p2JX
172,Clayton,Fawson,cfawson4s@nih.gov,z7WMMNik
173,Merry,Shreenan,mshreenan4t@pcworld.com,MCT486
174,Garey,Meaker,gmeaker4u@yahoo.co.jp,KcLnyI
175,Shelli,Sedgemond,ssedgemond4v@slate.com,EGmNPuLZJY
176,Siusan,Edmenson,sedmenson4w@fastcompany.com,xddLctkbSqs
177,Witty,Kester,wkester4x@hibu.com,50hPWi
178,Shay,Gaine,sgaine4y@shinystat.com,Y9rkVfqJex2
179,Roze,Brach,rbrach4z@tumblr.com,gokBGf7
180,Nyssa,Darragon,ndarragon50@china.com.cn,pDnD5SE6WF0
181,Serene,Gillio,sgillio51@gnu.org,ciG6RccC
182,Vallie,Kenningham,vkenningham52@pinterest.com,LumyvGFJJy
183,Glennie,Gruszka,ggruszka53@businessweek.com,wpTdqIIOY3Cd
184,Jo ann,Ahrens,jahrens54@pbs.org,4AOscX5CV
185,Helene,Horrigan,hhorrigan55@hibu.com,DBZ7KE
186,Syd,Coaker,scoaker56@yelp.com,mjUTApUXGOq
187,Barn,Sancroft,bsancroft57@baidu.com,XqGwwq
188,Vassily,Garces,vgarces58@tripod.com,VKGXb9hcmFs7
189,Noam,Farren,nfarren59@cdbaby.com,0kThoL0
190,Barty,Shirley,bshirley5a@mapy.cz,V6tVYggj
191,Petunia,Udall,pudall5b@drupal.org,1k7CR48
192,Dietrich,Shevell,dshevell5c@sphinn.com,JIJaJlz2pszm
193,Guglielmo,Keerl,gkeerl5d@bigcartel.com,4B3RVXEo
194,Shadow,Kahn,skahn5e@edublogs.org,xZO9Bl
195,Jayne,Veelers,jveelers5f@instagram.com,GmlLEsvIL5T
196,Dorella,De Leek,ddeleek5g@elegantthemes.com,WeinhChRxo
197,Rodrique,Amort,ramort5h@cbc.ca,cAB6LOn6fH
198,Nari,Stilwell,nstilwell5i@bbb.org,byyp3jE
199,Gayelord,Sang,gsang5j@loc.gov,s1u25Yx5b0
200,Nikola,Darnbrook,ndarnbrook5k@howstuffworks.com,LLUi4cFoGq
201,Flore,Bernhart,fbernhart5l@admin.ch,W3IjwclnDN6A
202,Sollie,Hapke,shapke5m@ebay.co.uk,KvaNdbV
203,Millie,Boag,mboag5n@sogou.com,yRdIfhZP
204,Fanni,Migheli,fmigheli5o@sciencedirect.com,ir4puQy6Nm
205,Kiah,Marc,kmarc5p@github.com,3lzeaFUMQ9
206,Paco,Myring,pmyring5q@about.com,QUhA82c
207,Valle,Cartin,vcartin5r@fda.gov,jnSXY77u
208,Engracia,Gladeche,egladeche5s@youtube.com,Baf2r51Wqibf
209,Devan,Bagwell,dbagwell5t@sourceforge.net,tgrXnmd
210,Homer,Cudbird,hcudbird5u@wordpress.org,Jc16XYnhE1
211,Aurelie,Harsant,aharsant5v@kickstarter.com,uccEHy9pqC
212,Renee,Lawly,rlawly5w@ca.gov,E4Phyr0
213,Mattie,Beatens,mbeatens5x@hugedomains.com,YGeEA63i8
214,Arden,Constantinou,aconstantinou5y@pbs.org,9mcYgIABWv
215,Joleen,Galpen,jgalpen5z@acquirethisname.com,nG3JJOGGwOT
216,Georg,Melling,gmelling60@europa.eu,O2KVN35LgJy
217,Elnore,Casetta,ecasetta61@cisco.com,ZZk5N4E
218,Henrik,Barsham,hbarsham62@baidu.com,uXHk5k10O
219,Elinore,Aubury,eaubury63@google.co.uk,NRhI6Lj7
220,Darby,Ryding,dryding64@zdnet.com,yj2Mv4Sr4V5
221,Amalia,Whitlam,awhitlam65@usnews.com,06IfrclOP
222,Ahmed,Oultram,aoultram66@dyndns.org,rcAd3DwG
223,Dulciana,Rubinovici,drubinovici67@bigcartel.com,VXrlCnm0M
224,Christoph,Coenraets,ccoenraets68@vk.com,02drpR
225,Barbey,Bencher,bbencher69@comcast.net,3A6FTlY94L2q
226,Cindee,Olliver,colliver6a@homestead.com,def1QcF3NLX
227,Harwilll,Temporal,htemporal6b@people.com.cn,rP2o9em9fF
228,Vita,Morby,vmorby6c@yandex.ru,xnVG6pPz1Ky
229,Teodorico,Suermeier,tsuermeier6d@elegantthemes.com,059yNezdd
230,Celinda,Byrne,cbyrne6e@about.me,2CoEOZygbD9F
231,Lilli,Brimson,lbrimson6f@abc.net.au,SnQWuDb
232,Leanor,Orringe,lorringe6g@artisteer.com,9iVmjB
233,Joanne,Szantho,jszantho6h@alexa.com,Bp6TbZMakpf
234,Coretta,Boij,cboij6i@alibaba.com,cMq8rgZ
235,Prentiss,Ellerbeck,pellerbeck6j@prweb.com,oAaGcd757V
236,Lyman,Hallbird,lhallbird6k@columbia.edu,WZMdLcN
237,Selinda,Jobbing,sjobbing6l@sina.com.cn,vmZabWidpV
238,Cicily,Hoyles,choyles6m@gov.uk,M6G5cR
239,Ikey,Robins,irobins6n@meetup.com,JvgNPONp7V
240,Ceil,Alldridge,calldridge6o@guardian.co.uk,CG7RmuN
241,Cherrita,Purviss,cpurviss6p@rambler.ru,OWQMdL
242,Hailey,Brusin,hbrusin6q@uol.com.br,XuZRlA
243,Corrianne,Barrand,cbarrand6r@a8.net,gfnNIh
244,Milli,Laxton,mlaxton6s@sourceforge.net,IiomyWxjx
245,Gasper,Werrett,gwerrett6t@moonfruit.com,S7fM6uZNlDhg
246,Tarra,Vasiliu,tvasiliu6u@icq.com,BCZCQkpC
247,Betteann,Appleby,bappleby6v@ovh.net,clgSafxfJBE
248,Avis,Fallanche,afallanche6w@sitemeter.com,oZtohOKwY
249,Camella,Ulster,culster6x@globo.com,qZnnku
250,Scot,Held,sheld6y@earthlink.net,G0J4Bsgil
251,Julie,Fanshawe,jfanshawe6z@timesonline.co.uk,YKAXTIt
252,Georgie,Simond,gsimond70@msn.com,5ehWdXyBdozL
253,Robbert,Vaughton,rvaughton71@psu.edu,TJPVN4Bx4XB
254,Brucie,Helbeck,bhelbeck72@examiner.com,E9mCzIzPj
255,Adara,Benzies,abenzies73@ycombinator.com,8umz5V9k
256,Myrilla,Hambrick,mhambrick74@edublogs.org,ATsH082
257,Gracia,Worwood,gworwood75@independent.co.uk,2PTK34Z
258,Phaidra,Agglione,pagglione76@squidoo.com,bN34G6xLK
259,Ynes,Westerman,ywesterman77@businesswire.com,MSkUxpC1
260,Hagan,Raith,hraith78@bizjournals.com,CZVcPsxC
261,Orella,Simmonds,osimmonds79@wordpress.org,QUc3oyNG
262,Batsheva,Goodday,bgoodday7a@reddit.com,oMdbDACmv
263,Elysha,Toyne,etoyne7b@exblog.jp,9q1xB5
264,Teddie,Ferrea,tferrea7c@addtoany.com,xHMguyn5Y0X
265,Erin,Terrelly,eterrelly7d@dell.com,YORjAdzF9
266,Keri,Di Pietro,kdipietro7e@blogspot.com,9Zc9vlE
267,Zilvia,Keave,zkeave7f@yahoo.com,16jAjse
268,Rosetta,Paulon,rpaulon7g@4shared.com,zHKomyXzLNG
269,Stephanus,Hedlestone,shedlestone7h@sphinn.com,FLQoRbj
270,Dag,La Batie,dlabatie7i@taobao.com,ih87D1
271,Ashly,Corringham,acorringham7j@ameblo.jp,agmV2jP1Ze7
272,Bambie,Laflin,blaflin7k@howstuffworks.com,ZwhtGE
273,Dolli,Murty,dmurty7l@imdb.com,S1rHMU2GUx
274,Hallsy,Davidson,hdavidson7m@purevolume.com,s9dCDMq
275,Ardyth,Crayker,acrayker7n@cisco.com,C7Tzfcs6vRO
276,Joye,Galliford,jgalliford7o@businessinsider.com,mJvi7eBetS0
277,Tabby,Alster,talster7p@nasa.gov,ZGXwWJ02i
278,Annora,Dilks,adilks7q@elegantthemes.com,3ELUtsIdkAm
279,Dimitri,Lambertini,dlambertini7r@deviantart.com,cPBUO2Ew
280,Marney,Heinsh,mheinsh7s@gmpg.org,POVB6kj3SaIr
281,Sal,Skakunas,sskakunas7t@yahoo.co.jp,KGeHVmxq
282,Jon,Puzey,jpuzey7u@sun.com,FYIH8Ewbzi7
283,Tanitansy,McCombe,tmccombe7v@zimbio.com,5yLfJEN8xV4Z
284,Rafaela,Pieter,rpieter7w@arstechnica.com,MnyBpHMUmNM
285,Jayson,Barme,jbarme7x@biglobe.ne.jp,hlZSwPN
286,Auroora,Ferrers,aferrers7y@jugem.jp,pOCCwS6vfbK
287,Lyndell,Vivash,lvivash7z@shop-pro.jp,dXkRAg1z2EC
288,Jori,Van Halen,jvanhalen80@linkedin.com,iYAcP8hvof
289,Clarance,Odlin,codlin81@tuttocitta.it,NfNZZrQE
290,Kathrine,Kollatsch,kkollatsch82@weibo.com,c2Lobs7oWi
291,Christyna,Lees,clees83@baidu.com,PiT1lLQ
292,Winne,Garry,wgarry84@w3.org,ILu5BUVP
293,Valera,Canizares,vcanizares85@hexun.com,HSvpvU8
294,Ginni,Whapple,gwhapple86@topsy.com,RqGDnV
295,Grissel,Soames,gsoames87@sitemeter.com,bnsEfU5yA1
296,Torrie,Kille,tkille88@samsung.com,eoHyAz1
297,Justin,McConway,jmcconway89@instagram.com,bxhSSS5de
298,Suzanna,Pavlov,spavlov8a@tripadvisor.com,1FaGCfqo4V
299,Vernice,Drinnan,vdrinnan8b@cnn.com,Ce45Y4AfixhH
300,Donetta,Dominichelli,ddominichelli8c@sina.com.cn,soDT59mJl
301,Lyndy,Neubigging,lneubigging8d@cdbaby.com,Imdh7E
302,Tiffany,Vallery,tvallery8e@hugedomains.com,GX49Kucn7ep
303,Dougie,Glendinning,dglendinning8f@icio.us,SFGFlI3xE
304,Irita,Semiras,isemiras8g@about.me,mMed138
305,Harman,Kett,hkett8h@blogtalkradio.com,pzedWF
306,Mateo,Stollenwerck,mstollenwerck8i@eventbrite.com,6vlBR7M8
307,Clotilda,Kirkby,ckirkby8j@google.com,gpG1SxZx
308,Brendan,Buttfield,bbuttfield8k@ning.com,p5nDMal
309,Ogden,Shafto,oshafto8l@weibo.com,8NtEJSp
310,Nola,Liddiard,nliddiard8m@home.pl,noBDzFc7rr
311,Amby,Philpotts,aphilpotts8n@va.gov,Kz4ota3gOSap
312,Ginelle,Yven,gyven8o@ucla.edu,xb3mHT
313,Colet,Robe,crobe8p@spiegel.de,sKJTJkrZ
314,Nerta,Josephov,njosephov8q@ifeng.com,f6DMJtl6r
315,Rodge,Pickerin,rpickerin8r@topsy.com,rIViHjgUJFF
316,Eartha,Ygo,eygo8s@cbc.ca,VZ7Y7YQ0hQ
317,Antonina,Fessby,afessby8t@360.cn,UqI4nBym3N5
318,Garnet,Lusk,glusk8u@wikia.com,dIaLch3a
319,Daryl,Griffitts,dgriffitts8v@people.com.cn,QqfcFN
320,Chev,Dailly,cdailly8w@flickr.com,6i3A1HgfM
321,Roxy,Dalziell,rdalziell8x@gnu.org,CIVZE4x
322,Tarrah,Heaven,theaven8y@elegantthemes.com,SgxzNUFSGa
323,Finley,Hutfield,fhutfield8z@gnu.org,hDz49c1JM
324,Bunnie,Mirrlees,bmirrlees90@privacy.gov.au,40s3eyTz9p
325,Dillie,Breward,dbreward91@naver.com,pk5LDmJ8
326,Huberto,Daveley,hdaveley92@hugedomains.com,95jyIL
327,Sherri,Larner,slarner93@google.co.jp,VQZp2NbZ7V
328,Michell,Ordidge,mordidge94@ameblo.jp,YVvKS8T6V1pC
329,Salvador,Swigg,sswigg95@vkontakte.ru,kv28OF4
330,Haze,Balazot,hbalazot96@slideshare.net,4bbxHIo
331,Susi,Clearie,sclearie97@topsy.com,lMZF4Wi3aH
332,Tommie,Pinnington,tpinnington98@edublogs.org,xbTzqPh
333,Gus,Vayro,gvayro99@163.com,rZGlxSJeu
334,Mead,Cartledge,mcartledge9a@shop-pro.jp,VDgP70J7Q
335,Teador,Pruvost,tpruvost9b@sourceforge.net,NXaRBqotu
336,Tiler,Yegorshin,tyegorshin9c@xinhuanet.com,8PqjbB
337,Matteo,Scudders,mscudders9d@e-recht24.de,Lb9OKLR
338,Wilie,Daice,wdaice9e@squidoo.com,5bqXLnI
339,Alex,Izakson,aizakson9f@ycombinator.com,CnfKq8qEfg
340,Reina,Figgures,rfiggures9g@psu.edu,IyDJ2s
341,Emanuele,Speke,espeke9h@cnbc.com,h2P9NStp5j
342,Bernete,Le Friec,blefriec9i@amazonaws.com,JBGf5CM0qSLJ
343,Sorcha,D'Adamo,sdadamo9j@themeforest.net,uDV0yyD6Z4a
344,Cole,Fernier,cfernier9k@hubpages.com,XdlbE442al9U
345,Jodi,Fawley,jfawley9l@cbsnews.com,zeFvta
346,Sindee,Birkmyr,sbirkmyr9m@icio.us,Qg2lxbVXc3R
347,Abbey,Noddings,anoddings9n@blog.com,XutG5why4U
348,Delmer,Breens,dbreens9o@cafepress.com,NDwj3m36Ief
349,Johan,Hornbuckle,jhornbuckle9p@chicagotribune.com,krs1cvy
350,Nicol,Scantleberry,nscantleberry9q@qq.com,AmYtdz
351,Julia,Margram,jmargram9r@seattletimes.com,YxafG3x3A7Ih
352,Ernesto,Deabill,edeabill9s@reddit.com,dLmZwTa
353,Zabrina,Arnholdt,zarnholdt9t@so-net.ne.jp,rj6N4Sxl5
354,Jacenta,Dybell,jdybell9u@barnesandnoble.com,d5HHdr0N5Xvj
355,Suzie,Yurov,syurov9v@berkeley.edu,rYIOiOmD6i
356,Napoleon,Hambrook,nhambrook9w@oracle.com,wL9jKvCopm
357,Kristopher,Lukasik,klukasik9x@imageshack.us,R3vtTI5
358,Ailina,Darter,adarter9y@booking.com,nvV8cMZB3
359,Leeland,Schirak,lschirak9z@mediafire.com,EUtZ0M
360,Shandra,Byllam,sbyllama0@t-online.de,HB6LsIwDDXtN
361,Guglielma,Trewartha,gtrewarthaa1@g.co,K6OC7fTMPkHM
362,Jamima,Sandy,jsandya2@abc.net.au,IUVEkowp1Xs4
363,Wilfred,Boylan,wboylana3@360.cn,TNo0ex
364,Deonne,Gillanders,dgillandersa4@amazonaws.com,AfabeDauB9Z6
365,Hamel,Vallentine,hvallentinea5@qq.com,eHXqnYQjo
366,Byrann,Bettles,bbettlesa6@dropbox.com,MHroTBOe1k
367,Ewell,Hugland,ehuglanda7@amazon.co.uk,SdBjk0E
368,Georg,Cherryman,gcherrymana8@bbc.co.uk,fdiRKJWH
369,Yanaton,Craghead,ycragheada9@jimdo.com,yjKbfHRCde7
370,Sigismundo,Beri,sberiaa@apache.org,PUSXetjf
371,Erinn,Pauel,epauelab@jigsy.com,ZIWnMx
372,Wright,Glinde,wglindeac@dagondesign.com,PAxeVxXNkyP
373,Archibaldo,Gallamore,agallamoread@who.int,t8DIhVX9O
374,Blanche,Beament,bbeamentae@technorati.com,7sq7o1dzxD
375,Pavel,Knightsbridge,pknightsbridgeaf@shareasale.com,KYgg8hVm
376,Freddy,Hovington,fhovingtonag@dion.ne.jp,2HMYm62hCJU
377,Tedda,Hacquel,thacquelah@nationalgeographic.com,HzPrLqy
378,Melodie,Abisetti,mabisettiai@washington.edu,ssMBMndyQh
379,Kimmie,Millican,kmillicanaj@state.tx.us,lafiO0FCs6y8
380,Daisi,Whimpenny,dwhimpennyak@mozilla.com,Xf0aLXu
381,Sven,Fuidge,sfuidgeal@msu.edu,RGLKVs5xx
382,Roland,De la Barre,rdelabarream@t.co,Der0X6Hc1m
383,Juliet,Strippel,jstrippelan@dropbox.com,JXYRJpVEx
384,Zane,McDonagh,zmcdonaghao@unesco.org,PTIn9TnAot
385,Dougie,Bilbrook,dbilbrookap@indiatimes.com,YGyztc6yY
386,Laurence,Aikenhead,laikenheadaq@constantcontact.com,JMyv7Kyp
387,Shayne,Shepeard,sshepeardar@google.com.au,sAKAwheP
388,Chad,Nitti,cnittias@hibu.com,804JxKdh
389,Chelsey,Braban,cbrabanat@163.com,L0rciSVGq
390,Delaney,Humphries,dhumphriesau@ovh.net,HyIRjAGb2S
391,Cassi,Wellbank,cwellbankav@g.co,d0266O
392,Haily,Pranger,hprangeraw@berkeley.edu,tgfaVVg3PnGW
393,Ulberto,Henlon,uhenlonax@aol.com,v1xX3aX3V
394,Idalina,Parry,iparryay@redcross.org,4rn7Zprc4tvE
395,Leia,Lauritsen,llauritsenaz@uiuc.edu,FTBZPkT
396,Orelie,Ewols,oewolsb0@pinterest.com,XFL8OjBp0Qy
397,Fiona,Boost,fboostb1@hud.gov,i6T8JE
398,Deane,Full,dfullb2@squidoo.com,8l7kXJt3
399,Kassandra,Peppard,kpeppardb3@issuu.com,UoMwjL
400,Jacobo,Jendrys,jjendrysb4@dailymail.co.uk,LAr9yX
401,Koenraad,O'Luby,kolubyb5@homestead.com,M49VW6FmNOP
402,Camel,Rosenbush,crosenbushb6@paypal.com,k65KIMLp
403,Zsazsa,Olding,zoldingb7@go.com,4Nmcwp1flmQq
404,Elaine,Hasely,ehaselyb8@tinypic.com,UNcjjkh2O
405,Moishe,Leger,mlegerb9@ted.com,CTMm83
406,Gherardo,O'Regan,goreganba@qq.com,wTCvUmg35sNd
407,Ange,Fanti,afantibb@moonfruit.com,yo0Glymhyq1
408,Dell,Mair,dmairbc@webs.com,hTbGO3eJFn
409,Niall,Woolgar,nwoolgarbd@scientificamerican.com,tmqBIH4T
410,Fowler,Kupker,fkupkerbe@jimdo.com,4gmsDc8uf
411,Junie,Yakhin,jyakhinbf@fema.gov,82DHlP
412,Gibby,Eskriet,geskrietbg@blog.com,ZWhCSf
413,Sebastien,Ayling,saylingbh@dagondesign.com,mUWdO4h61
414,Farand,Moakes,fmoakesbi@theglobeandmail.com,lnT8LlAZ2aP
415,Dar,Reckus,dreckusbj@163.com,QL4rOsK
416,Terra,Catling,tcatlingbk@slashdot.org,NsGjoh1q
417,Jephthah,Kellock,jkellockbl@ezinearticles.com,AyPSXJ
418,Benjy,Shurmer,bshurmerbm@mozilla.com,6xwcRu
419,Cookie,Ingolotti,cingolottibn@netlog.com,5QLonKo2a
420,Moira,Mellhuish,mmellhuishbo@sciencedaily.com,WEAq6KXv0
421,Araldo,Bigrigg,abigriggbp@about.me,Lbk4Ab6l
422,Aldus,Hearon,ahearonbq@studiopress.com,PtTbmugAnp
423,Virge,De Moreno,vdemorenobr@nsw.gov.au,RuVOcgNdVh
424,Matthew,Crocroft,mcrocroftbs@cloudflare.com,Idef6dsuesJd
425,Norry,Pretor,npretorbt@surveymonkey.com,R0Vbj3NuSgt
426,Haslett,Kohrding,hkohrdingbu@paginegialle.it,X7XKRd57
427,Rutger,Spieght,rspieghtbv@yale.edu,qu5XUFx
428,Marsh,Wasielewski,mwasielewskibw@wordpress.com,wMRXlVO8
429,Paten,Corkitt,pcorkittbx@dmoz.org,QIHtYUaPg
430,Gael,Neem,gneemby@stumbleupon.com,uEYEIM6hI
431,Frank,Eddie,feddiebz@github.io,tznC04Q
432,Shirleen,Pendleton,spendletonc0@phpbb.com,moD9SOIn
433,Dewey,Davidov,ddavidovc1@dropbox.com,0PYGet
434,Augustine,Tremlett,atremlettc2@slideshare.net,JdPKHycIXdQ
435,Bart,Blaskett,bblaskettc3@w3.org,XeN2zTcaqbjy
436,Lowell,Burfoot,lburfootc4@cocolog-nifty.com,F9Rch3Kf
437,Daveta,Nend,dnendc5@salon.com,sFiz26ja
438,Ole,Buyers,obuyersc6@utexas.edu,YHaSeYa
439,Jerad,Twiddle,jtwiddlec7@privacy.gov.au,NnMKKf
440,Janet,Seyers,jseyersc8@360.cn,hWFtn5SjmYu
441,Maressa,Bardwell,mbardwellc9@timesonline.co.uk,qyQsfpuizdfh
442,Lorne,Minelli,lminellica@hao123.com,tCdRbrdCyRiM
443,Walther,Pymer,wpymercb@theatlantic.com,F89cTw3PIM
444,Leonora,Kefford,lkeffordcc@miibeian.gov.cn,SXgo3I
445,Phip,Greeson,pgreesoncd@foxnews.com,yuSrMlPdE
446,Gradey,Martynka,gmartynkace@npr.org,HNniuKeA
447,Bee,Winterbottom,bwinterbottomcf@over-blog.com,0ypXc0
448,Gibb,Paddle,gpaddlecg@e-recht24.de,ttE9FxhNVYr
449,Korry,Leverington,kleveringtonch@utexas.edu,duA8fG3E
450,Kameko,McGowing,kmcgowingci@huffingtonpost.com,eygJbWE
451,Ethe,Flieger,efliegercj@tamu.edu,zJy7JgrgAvHr
452,Alyson,MacCallister,amaccallisterck@xrea.com,bOvfa1b76XO7
453,Flynn,Acreman,facremancl@jugem.jp,EeNHWE0DTa
454,Willyt,Denne,wdennecm@dell.com,LblRkUogCi1
455,Tiler,Risom,trisomcn@google.cn,Co92ab
456,Mario,Basill,mbasillco@domainmarket.com,Y3DqIP
457,Rriocard,Durtnal,rdurtnalcp@artisteer.com,wkoOzwn
458,Valentijn,Ensley,vensleycq@webeden.co.uk,YPddIf
459,Coral,Benford,cbenfordcr@google.de,YI8KMEFh
460,Launce,Radbourne,lradbournecs@amazon.co.jp,pnBoaISdj
461,Timmy,Machon,tmachonct@icio.us,g3j7A0AFMgR
462,Carey,Irnis,cirniscu@mayoclinic.com,roFf9T
463,Jennie,Halloran,jhallorancv@geocities.com,FyL02UW
464,Blinnie,Merdew,bmerdewcw@technorati.com,kdJUtAVgI
465,Jimmie,Finnick,jfinnickcx@weather.com,4EESsij
466,Warden,Jerrams,wjerramscy@fotki.com,vOzqFFWe3w
467,Aili,Petris,apetriscz@domainmarket.com,rlX0Qzqpz
468,Fletch,Dumke,fdumked0@yale.edu,OM9yJdY9
469,Fiona,MacCole,fmaccoled1@statcounter.com,uqjqF9Zxc2s
470,Sal,Croose,scroosed2@surveymonkey.com,tFur4KPWR0Gc
471,Andie,Vyse,avysed3@netvibes.com,frpiyW42
472,Tamera,Wolford,twolfordd4@cbsnews.com,Ql2aJ2w
473,Felic,Rosencrantz,frosencrantzd5@cdc.gov,4ABT1jp
474,Had,Pickersail,hpickersaild6@comsenz.com,25m6O49O
475,Lockwood,Grestye,lgrestyed7@mysql.com,lfrtG4f
476,Andi,Dering,aderingd8@columbia.edu,Aw03Y025bjC
477,Michaela,Casaccia,mcasacciad9@dot.gov,U9ipdw
478,Davie,Jeavons,djeavonsda@flavors.me,MLG1Je8xwaZ
479,Goldina,Webster,gwebsterdb@i2i.jp,zg4hStbsR
480,Cassaundra,Underdown,cunderdowndc@cdbaby.com,g9dZPNwg
481,Edan,Whitaker,ewhitakerdd@oracle.com,GK8zwNKR
482,Abigale,Wilcockes,awilcockesde@unicef.org,qV1Vg5pm2
483,Ula,Druhan,udruhandf@pagesperso-orange.fr,uIEZ6uSPdT
484,Barbe,McCorkell,bmccorkelldg@slashdot.org,dvEbDUoScx
485,Anna-diane,Bickley,abickleydh@cisco.com,8AtcLpnZH
486,Rog,Smillie,rsmilliedi@oracle.com,d3361R1
487,Chaddy,L' Estrange,clestrangedj@virginia.edu,PQSP4yLC0
488,Tedra,Roback,trobackdk@auda.org.au,O6WwqLWB6L
489,Stephanie,Carillo,scarillodl@sogou.com,nhhdqJZfJv
490,Chelsy,Jaszczak,cjaszczakdm@bizjournals.com,HMGFAvRoD
491,Danni,Glitherow,dglitherowdn@imgur.com,bvUeMnEOAr
492,Woodman,Fiddy,wfiddydo@cnet.com,CKI4nMD
493,Keane,Jobbing,kjobbingdp@wikispaces.com,474UAo
494,Cos,Abys,cabysdq@nyu.edu,fLpWju
495,Martita,Kelmere,mkelmeredr@amazonaws.com,6ChG5d3SRCa
496,Hendrick,Capaldo,hcapaldods@tamu.edu,IoaULAl7hv
497,Loralee,Baskwell,lbaskwelldt@fastcompany.com,1QGnRhZ
498,Pancho,Schops,pschopsdu@buzzfeed.com,9QByCrw
499,Filberte,Hargreaves,fhargreavesdv@gizmodo.com,9GNPMYO
500,Roselle,Celle,rcelledw@bluehost.com,afBfkeEo
501,Harmony,Bastistini,hbastistinidx@ifeng.com,vD4o6vnJou
502,Dulcie,Pendleberry,dpendleberrydy@flickr.com,K5A5v2X8xG
503,Staford,Kyd,skyddz@wiley.com,uTozQ0T
504,Jereme,Witcomb,jwitcombe0@businesswire.com,yoRb3pH
505,Gar,Barta,gbartae1@furl.net,5eSbgGm5ftzF
506,Albrecht,Siddeley,asiddeleye2@ameblo.jp,9iPD6QWGP
507,Gianna,Buten,gbutene3@hao123.com,e10ZfQ
508,Gianna,Bain,gbaine4@aboutads.info,PIcBMDRUfr7b
509,Eliot,Leyrroyd,eleyrroyde5@uol.com.br,cOmJdos
510,Aline,Cattel,acattele6@twitpic.com,tUh7w5ZXk7k
511,Ugo,Von Welldun,uvonwelldune7@sogou.com,M1VADP5g
512,Horace,Dives,hdivese8@eventbrite.com,DPor36
513,Umberto,O'Brien,uobriene9@dagondesign.com,qZNAOsb
514,Andree,Robertet,arobertetea@wikia.com,feBq8XLbTthP
515,Jennica,Samwayes,jsamwayeseb@ezinearticles.com,cNfYsOTk6yEt
516,Farleigh,Brissard,fbrissardec@va.gov,q7wpA1
517,Charmine,Faraday,cfaradayed@mysql.com,ksVX6OCD
518,Gilberte,Antonacci,gantonacciee@blogs.com,yB7Nei4
519,Novelia,McCullouch,nmccullouchef@people.com.cn,WCS2nKHeTE1
520,Charlotta,Mithon,cmithoneg@blogger.com,deXsmgh0T
521,Justinn,Yurtsev,jyurtseveh@moonfruit.com,1cXpdn
522,Alisun,Calway,acalwayei@shop-pro.jp,EHkrOp
523,Miner,Mundy,mmundyej@w3.org,gl8kQ7JC
524,Gunter,Stopford,gstopfordek@nifty.com,ZezEWbV
525,Elyssa,Bunstone,ebunstoneel@netscape.com,wFGgqA5Vh52k
526,Kelsi,Wildes,kwildesem@cbslocal.com,3uECsxr
527,Claudio,Preston,cprestonen@state.tx.us,OwNZRgB
528,Urbanus,Maberley,umaberleyeo@phoca.cz,7y2ktV45BvcP
529,Gleda,Chatin,gchatinep@sohu.com,Y3gcGkQPx
530,Dory,Wiltshear,dwiltsheareq@sitemeter.com,1wDBzdTJt069
531,Devonne,Guiraud,dguirauder@51.la,8XZeFufjg
532,Pebrook,Arnecke,parneckees@google.com.br,GtFjQk
533,Clem,Jaffa,cjaffaet@last.fm,eJB9Rc5azB3F
534,Douglas,Threlkeld,dthrelkeldeu@dailymotion.com,ZVeGC0uXd
535,Nelia,Sellek,nsellekev@ustream.tv,bYprEtTcG3Z
536,Giselbert,Sillito,gsillitoew@joomla.org,2W9Q3a
537,Noemi,Furminger,nfurmingerex@whitehouse.gov,f7poue
538,Kliment,Bloom,kbloomey@spiegel.de,StJruwP
539,Frankie,Winchcomb,fwinchcombez@hud.gov,vIhUAAEgWQqZ
540,Theresina,Mellish,tmellishf0@tripod.com,yaHw488mNbce
541,Dita,Saurat,dsauratf1@smh.com.au,lgcTFpK7
542,Malory,Crilley,mcrilleyf2@abc.net.au,vdztsEYCTXNA
543,Tracey,Leyland,tleylandf3@zimbio.com,v3NenZMI4
544,Amalea,Risley,arisleyf4@dailymail.co.uk,e2lfBeu
545,Ruthie,Fanthom,rfanthomf5@unesco.org,mhsKTGe
546,Padraig,Dawton,pdawtonf6@so-net.ne.jp,mWoeLvAb9XTu
547,Ottilie,Elkin,oelkinf7@yellowbook.com,sqMKDt
548,Carlota,Pipkin,cpipkinf8@bigcartel.com,WAK7mZrRqQ
549,Booth,Ceeley,bceeleyf9@europa.eu,g8f9KbfGfA
550,Florette,Myott,fmyottfa@so-net.ne.jp,RmcTRSRkpWz
551,Gladys,Towe,gtowefb@cloudflare.com,d2YkOpOHtiaA
552,Seumas,Quayle,squaylefc@cnn.com,ekv2Hr66I
553,Lem,Ratlee,lratleefd@tinypic.com,aFL0dgqp
554,Scarface,Sanders,ssandersfe@wired.com,KglOMFA
555,Krishnah,Marritt,kmarrittff@networkadvertising.org,mUYyfhpa
556,Dode,Andrassy,dandrassyfg@ifeng.com,zd4AitpI
557,Kilian,Jeans,kjeansfh@mediafire.com,KmonhoN
558,Annamaria,Poletto,apolettofi@theguardian.com,m5E1iH9RFvM
559,Wylie,Housbie,whousbiefj@telegraph.co.uk,wZkwH4g
560,Amandie,Troup,atroupfk@blinklist.com,BDviMvN
561,Ulysses,Saile,usailefl@upenn.edu,Iy21OpJ
562,Orrin,Dullingham,odullinghamfm@who.int,cC90aX2gK
563,Krystal,Corthes,kcorthesfn@mayoclinic.com,S7DjbFNZipa
564,Galven,Orum,gorumfo@opensource.org,Nw5lEFPF6u
565,Justine,Broxton,jbroxtonfp@360.cn,28swhHRL4kot
566,Kimmy,Welsh,kwelshfq@redcross.org,3jcLC0E0G
567,Alford,Newis,anewisfr@prweb.com,6KdkNlKgkan
568,Eulalie,Starten,estartenfs@spiegel.de,iL0fZRW6y4I
569,Rickie,Saphin,rsaphinft@biglobe.ne.jp,HbitNd
570,Nanette,Orht,norhtfu@nih.gov,68ZRPTE52HG
571,Brandice,Boynton,bboyntonfv@nasa.gov,xCJbJKOeGM
572,Elnar,Kinglake,ekinglakefw@slideshare.net,PBpCNQll
573,Egan,Phinn,ephinnfx@google.com.br,aeGMy9trr
574,Shanda,Handrahan,shandrahanfy@yahoo.com,Autj0WvG
575,Gloriana,Georg,ggeorgfz@moonfruit.com,1fxLZkD
576,Fawne,Bonsey,fbonseyg0@ifeng.com,37CqxY
577,Brandyn,Jepson,bjepsong1@prnewswire.com,sl7ZOW
578,Shelton,McCracken,smccrackeng2@netscape.com,9H67GMMW4MGB
579,Giffie,Bastone,gbastoneg3@sitemeter.com,hz1Vz7uA2l3
580,Elston,Ferrierio,eferrieriog4@tmall.com,QrC3AbZ4
581,Luce,Lassells,llassellsg5@bbc.co.uk,xM7MnMP6Y
582,Kermit,Sephton,ksephtong6@free.fr,4Ssfv4adbbk
583,Adena,De Bell,adebellg7@bizjournals.com,hoBfta9O05q
584,Brendan,Cooley,bcooleyg8@ca.gov,E1amsk0lS2
585,Rubia,Mines,rminesg9@umn.edu,Fv1fZEg
586,Theodor,Sancias,tsanciasga@yolasite.com,xD58uJj
587,Jeralee,Jerzyk,jjerzykgb@networksolutions.com,DGsJeRpOzUd
588,Heath,Meehan,hmeehangc@yale.edu,Afx2L4vzO
589,Garry,Mallya,gmallyagd@storify.com,HbjwSR2gT
590,Bernie,Ashlin,bashlinge@usa.gov,LabVjxWc
591,Melina,Hackelton,mhackeltongf@google.ru,spFXZuIpZZr
592,Frants,Thresh,fthreshgg@free.fr,4LYKL7Ql
593,Jo,Goligher,jgolighergh@imageshack.us,2QZhdUgu3yIs
594,Zacharias,Bertelmot,zbertelmotgi@github.io,h41N2j
595,Stanton,Grassin,sgrassingj@ihg.com,A7WlRcqzq
596,Dorthy,Tuny,dtunygk@goo.gl,oj5AXobip
597,Tania,Dalziel,tdalzielgl@digg.com,0bpI3DVAyz96
598,Neal,Windous,nwindousgm@dmoz.org,qy7VyubRxU
599,Egan,Sussams,esussamsgn@multiply.com,q5WZACkuWiC
600,Huberto,Heine,hheinego@free.fr,93RT4wcmc
601,Ekaterina,Russen,erussengp@cdbaby.com,QRhC9y0cheIP
602,Ted,Messier,tmessiergq@berkeley.edu,GfA65RqZx2
603,Arielle,Meynell,ameynellgr@angelfire.com,16T7czudQ
604,Garwood,Moth,gmothgs@cmu.edu,Fgw9ggIwAG
605,Teador,Grayston,tgraystongt@arstechnica.com,EDPLF6ETzpP
606,Antoni,Pattington,apattingtongu@craigslist.org,HDsbzUnbJL
607,Norma,Epton,neptongv@jiathis.com,XGtsKdBa3r6W
608,Theresa,Posen,tposengw@wisc.edu,u12M4igqc1Lc
609,Sandor,Griss,sgrissgx@technorati.com,LLonEqi
610,Tonya,Valentine,tvalentinegy@chronoengine.com,b7TRNgzwpn
611,Riva,Cowderoy,rcowderoygz@sphinn.com,FcSBKv
612,Evangelina,Tacon,etaconh0@java.com,eDbhKbegliR
613,Morgan,Lapworth,mlapworthh1@blogspot.com,Mxqow6gLi
614,Genna,Frensch,gfrenschh2@simplemachines.org,5svgRkwu
615,Karlen,Timoney,ktimoneyh3@jiathis.com,N0TYk0
616,Fredra,Learned,flearnedh4@delicious.com,AQ47BaADF
617,Lucas,Dorro,ldorroh5@java.com,lTIR0yyyTmQ
618,Hunter,Caughey,hcaugheyh6@hud.gov,0WLFa2w1QFfv
619,Jessi,Preshous,jpreshoush7@wikimedia.org,gWL8EI
620,Eliot,Harrie,eharrieh8@google.com.hk,BF7ZexSI
621,Jennee,Miners,jminersh9@irs.gov,1D3mXJ
622,Rodina,Kordova,rkordovaha@sphinn.com,O7hpEvH3bWx
623,Claudius,Saggers,csaggershb@twitpic.com,K7TpEK9uHRFS
624,Vincents,Mourton,vmourtonhc@webmd.com,PNrR2n4
625,Hoyt,Sunman,hsunmanhd@accuweather.com,KIrfuB
626,Sephira,Ethelston,sethelstonhe@guardian.co.uk,on19WOIj
627,Faustina,Ander,fanderhf@acquirethisname.com,xcdo0pses
628,Ema,Sysland,esyslandhg@umn.edu,BsKi8P
629,Evangelin,Sickling,esicklinghh@bluehost.com,dExHpkU
630,Scotti,Joron,sjoronhi@usda.gov,KN2lJKtRFkW
631,Sarena,Osanne,sosannehj@vimeo.com,UZwR7vB
632,Wildon,Cadlock,wcadlockhk@usatoday.com,Tw55QK3p8ql
633,Madelyn,Di Francesco,mdifrancescohl@cornell.edu,GO1727bmG9KB
634,Brittaney,Goodfield,bgoodfieldhm@bbb.org,2nOhP4t
635,Sophia,Crumbleholme,scrumbleholmehn@google.es,jXVt4QvdE
636,Markus,Luisetti,mluisettiho@zimbio.com,OddDA1XJmZV
637,Artur,Canacott,acanacotthp@smugmug.com,35dnWJP66wKb
638,Wells,Pattesall,wpattesallhq@nba.com,qFfqep5zcet
639,Alexandra,Clibbery,aclibberyhr@xing.com,SgimxB
640,Tadeas,Pigney,tpigneyhs@macromedia.com,KpLFFDB8
641,Ennis,Strowger,estrowgerht@cnet.com,r9iGPfs
642,Chiarra,Gauntley,cgauntleyhu@blogspot.com,aRyT8dRj
643,Filbert,Dell Casa,fdellcasahv@fema.gov,RavVo2SI
644,Baxter,Morfett,bmorfetthw@geocities.com,8jcB8clk0
645,Quill,Wimmers,qwimmershx@pbs.org,LYy3xBZRwG
646,Blinnie,Dadley,bdadleyhy@ftc.gov,aRUiEPN
647,Christen,Hedge,chedgehz@printfriendly.com,IJDbiYn
648,Fredericka,Discombe,fdiscombei0@newsvine.com,2fACj8a
649,Candra,McCarrison,cmccarrisoni1@ebay.com,MC6Mbcm9PLo
650,Wallis,Goscar,wgoscari2@youku.com,uA8Vkhfnd
651,Mirilla,Mandrier,mmandrieri3@jigsy.com,F1ecRgKbK
652,Engracia,Kopta,ekoptai4@prnewswire.com,G9fPPH2zsjR
653,Edeline,Foxley,efoxleyi5@newyorker.com,w3j8VS
654,Bari,Simms,bsimmsi6@amazon.com,txZAZoij4U
655,Alane,Cole,acolei7@is.gd,vK2L163bzkB
656,Willetta,Whoolehan,wwhoolehani8@twitter.com,Z2OJlPKqcKW
657,Clarisse,Burlingame,cburlingamei9@icio.us,aVsi3qgS
658,Horten,Weippert,hweippertia@github.io,6UDeqS4h
659,Norman,Canario,ncanarioib@51.la,id7ytn
660,Enos,Wernham,ewernhamic@webeden.co.uk,fDXjKIDU29DQ
661,Mathew,Clulee,mcluleeid@salon.com,GnuoSFL67e
662,Ulrike,Shipston,ushipstonie@scribd.com,GF0TgSa
663,Ferguson,Pero,fperoif@pinterest.com,EXGFXj
664,Brendan,Arpe,barpeig@wp.com,lTSN0WzPt
665,Gusella,Joppich,gjoppichih@hhs.gov,8VbiUA
666,Wendy,McClelland,wmcclellandii@globo.com,TXni7Y
667,Doyle,Rignold,drignoldij@pagesperso-orange.fr,dVEYmDc7zR7
668,Thorndike,Ingledow,tingledowik@buzzfeed.com,l88tIU79
669,Nickolas,Skegg,nskeggil@networksolutions.com,wmDQ1NBhE9Mm
670,Keen,Benoy,kbenoyim@php.net,YZSU2Bv
671,Viv,Henner,vhennerin@cisco.com,EiseWv2rTF
672,Mickie,Ennals,mennalsio@shop-pro.jp,hvf4UeHd
673,Mavra,Skeldinge,mskeldingeip@yandex.ru,kWNlMG2P
674,Sydel,Wybern,swyberniq@cdc.gov,sZ4Cmpo
675,Camey,Palleske,cpalleskeir@blogs.com,tamhZyJ
676,Liva,Christaeas,lchristaeasis@ca.gov,9TrBK1UQiXSj
677,Grier,Goodright,ggoodrightit@usda.gov,9S7IOLG76u
678,Gorden,Tutt,gtuttiu@si.edu,Qd170w
679,Correy,Beadham,cbeadhamiv@mysql.com,kr66sb
680,Donny,Weeds,dweedsiw@indiegogo.com,VbZHFW
681,Erinn,Sellors,esellorsix@npr.org,2kTeYpQ
682,Dannie,McAughtrie,dmcaughtrieiy@over-blog.com,c6OUCq
683,Ellie,Revie,erevieiz@tiny.cc,r5lgOmvB
684,Meara,O'Crevy,mocrevyj0@geocities.jp,9vSBzf
685,Ed,Endrizzi,eendrizzij1@bigcartel.com,7hIHPAdhn6
686,Boone,Teresia,bteresiaj2@toplist.cz,IuPrfYgM
687,Carleton,Naulty,cnaultyj3@delicious.com,hxYnJOtH0
688,Clementius,Matokhnin,cmatokhninj4@weibo.com,mUtB5fpHCl
689,Denni,O'Fihillie,dofihilliej5@hatena.ne.jp,0YPVvd8
690,Wood,McKibbin,wmckibbinj6@cbc.ca,MiP3N73Om
691,Deborah,Wellum,dwellumj7@squidoo.com,wnhMGdFWj
692,Rubia,Klimt,rklimtj8@printfriendly.com,mMEGHngenVnR
693,Dimitri,Andriolli,dandriollij9@naver.com,jVqfkJYzhB4g
694,Noble,Swendell,nswendellja@parallels.com,vuZeR4N94TBa
695,Kacy,Matteoli,kmatteolijb@scientificamerican.com,MjtecoMcOf0
696,Mora,Coulling,mcoullingjc@google.com.au,vVthK88
697,Sherie,Lindroos,slindroosjd@berkeley.edu,j6Su3YZh32hx
698,Brande,Garratty,bgarrattyje@google.com,Nway1e92
699,Elise,Idenden,eidendenjf@slate.com,nAmUXlk
700,Angelique,Ranklin,aranklinjg@china.com.cn,0pWW26xYR
701,Sam,Goulborn,sgoulbornjh@earthlink.net,WIfWXCoNQ7
702,Anthony,Antoniat,aantoniatji@unesco.org,TXw4785Losns
703,Alford,Huguet,ahuguetjj@unblog.fr,4qJJUik8S4
704,Morlee,Denty,mdentyjk@prweb.com,WrrMaZo
705,Leonora,Cicco,lciccojl@acquirethisname.com,bXt6JxM
706,Addi,Karby,akarbyjm@sun.com,bTgQpPBQ2
707,Abbey,Gohier,agohierjn@chicagotribune.com,D3YfOWoz7
708,Cyndie,De Angelo,cdeangelojo@reddit.com,X1e0YYN0b
709,Marc,Borris,mborrisjp@nih.gov,OOGd0No
710,Selig,Litel,sliteljq@trellian.com,hNvFgjhkDIN
711,Renata,Earland,rearlandjr@typepad.com,9De1ciEe1wIw
712,Elfrieda,Sangar,esangarjs@simplemachines.org,RDWEDlIt6x
713,Ciro,Macilhench,cmacilhenchjt@sourceforge.net,CLkft3VtKk
714,Whitman,Fidilis,wfidilisju@zdnet.com,jDwlMnRr9y
715,Dennet,Tremain,dtremainjv@hc360.com,SKgl7DFY
716,Hestia,Haselden,hhaseldenjw@hexun.com,rWBMZwViRJ
717,Chalmers,Le Grice,clegricejx@histats.com,Ru0UW6ZvG
718,Ashli,Rappport,arappportjy@dyndns.org,XmwRgqXW
719,Malcolm,Birtwistle,mbirtwistlejz@etsy.com,k2iDStcpgT9Q
720,Juditha,Arnau,jarnauk0@abc.net.au,ax0iBj
721,Any,Danit,adanitk1@ox.ac.uk,ewVt87VGa
722,Sally,Faughny,sfaughnyk2@indiegogo.com,WH26d8WH
723,Cheslie,Rothera,crotherak3@forbes.com,4hEiu9hY5k
724,Olin,Clace,oclacek4@dyndns.org,RKLuGbDBB
725,Ricky,Sowray,rsowrayk5@tinypic.com,X1lUUYwl88c
726,Ola,Hearnden,ohearndenk6@t-online.de,KJ5USf1
727,Jessie,Samber,jsamberk7@apache.org,XOxEP7
728,Sherman,Winslade,swinsladek8@cbc.ca,G1eewo
729,Dorelle,Shard,dshardk9@dyndns.org,8Ovt3QshF
730,Zak,Geke,zgekeka@washington.edu,ZCXK8I4
731,Putnam,Jeckell,pjeckellkb@statcounter.com,K6LhkP
732,Gustavo,Leppingwell,gleppingwellkc@merriam-webster.com,2sBL3qW
733,Steffen,Durbyn,sdurbynkd@cargocollective.com,AVOoEFhU
734,Clarie,Castletine,ccastletineke@telegraph.co.uk,CooXPA
735,Brunhilda,Tookill,btookillkf@wikispaces.com,Phc63XUQu
736,Katey,Smoth,ksmothkg@icio.us,fuohgp
737,Don,Climo,dclimokh@blogs.com,tGB2NQ
738,Hayes,Kenelin,hkenelinki@seesaa.net,fdgdlEsoiV3k
739,Sal,Attenborough,sattenboroughkj@time.com,z125ZTn
740,Read,Reolfo,rreolfokk@fda.gov,rga9Q8FQJ
741,Reggy,Tubritt,rtubrittkl@comcast.net,Cyh7vIaL
742,Eleanor,Girauld,egirauldkm@etsy.com,Lm4YErEy
743,Win,Gimblett,wgimblettkn@jigsy.com,qSnDwN8eP
744,Willdon,Thaim,wthaimko@constantcontact.com,Hf78gbOGRLWt
745,Eldin,Hargreaves,ehargreaveskp@aol.com,AXQnHhwSOX7
746,Jarib,Marvell,jmarvellkq@vistaprint.com,fOFzuwdXphNd
747,Kinny,Hammel,khammelkr@ocn.ne.jp,cgnCsrK
748,Cristie,Paget,cpagetks@arstechnica.com,HbWEFYC
749,Emelen,Bearn,ebearnkt@imdb.com,2JkS10d
750,Delano,Hillitt,dhillittku@mlb.com,eaNaDexJ4ui3
751,Dean,Reisk,dreiskkv@ucsd.edu,ILGxxclc
752,Gratiana,Slatten,gslattenkw@who.int,Cjbu9J
753,Kenon,Pattillo,kpattillokx@weather.com,VsBLYmIwj6f
754,Bill,Yvon,byvonky@bloglines.com,naXpEQQ
755,Sutton,Dine-Hart,sdinehartkz@vimeo.com,NZPpOAN0eQ
756,Billy,Calltone,bcalltonel0@weibo.com,wauw0dPwoy
757,Gilberto,Sebborn,gsebbornl1@gizmodo.com,9a9kinw7VIWQ
758,Cathrin,Christoffels,cchristoffelsl2@fotki.com,oqRs5X
759,Faith,Diano,fdianol3@hhs.gov,6fPRvP6uI
760,Josee,Maynell,jmaynelll4@weibo.com,7Vkv7baBh
761,Rivy,Roycroft,rroycroftl5@cbsnews.com,zFP6cXxla6p1
762,Frederic,Ashford,fashfordl6@reference.com,uH3MrpGKB
763,Catriona,Rodolphe,crodolphel7@ocn.ne.jp,kilAUBqyU
764,Flinn,Gierardi,fgierardil8@china.com.cn,lUKFKqveFHMk
765,Lorilyn,Gasnoll,lgasnolll9@hao123.com,80KrOiBFiu3s
766,Ric,Chick,rchickla@eventbrite.com,3t8yXw
767,Samantha,Pohl,spohllb@gravatar.com,V8NanMc
768,Sarge,Niche,snichelc@paginegialle.it,1oFxw4
769,Elissa,Cabble,ecabbleld@soup.io,QBusBH1
770,Leoline,Smithson,lsmithsonle@hostgator.com,VyT7jxjH2
771,Tobias,Bohin,tbohinlf@epa.gov,6IId5gM6
772,Maggy,Sekulla,msekullalg@google.com.au,7rcxyIKZ
773,Tam,Abbis,tabbislh@nasa.gov,OMMqSiDXU
774,Lil,Kettlestringe,lkettlestringeli@oakley.com,vEUy89
775,Wakefield,Shepherdson,wshepherdsonlj@mail.ru,4JSd4tTrgk5j
776,Osgood,Theuff,otheufflk@ft.com,uEST14
777,Jessey,Jaquest,jjaquestll@paypal.com,MtTW2Er45pvt
778,See,Rigler,sriglerlm@opera.com,VhaBFkAX
779,Uri,Grandisson,ugrandissonln@fotki.com,S8dq9q
780,Annemarie,Havoc,ahavoclo@themeforest.net,oCRE0YpjUd9
781,Kasey,Skotcher,kskotcherlp@nature.com,j78ix28F50
782,Donetta,Petera,dpeteralq@gnu.org,teEIB0DPHa
783,Eyde,Calveley,ecalveleylr@house.gov,WCPqSU
784,Gill,Picford,gpicfordls@fc2.com,mEXhom
785,Lynnette,Bate,lbatelt@freewebs.com,H01lvI
786,Durward,Persian,dpersianlu@nifty.com,m9yALjh1Jdv
787,Cletus,Lathan,clathanlv@imdb.com,H08svAy
788,Stefan,Wogden,swogdenlw@biglobe.ne.jp,GnwNNFrz9
789,Mannie,Repper,mrepperlx@blogs.com,bYIoKuoq
790,Ernest,Crosswaite,ecrosswaitely@51.la,VeY79l3ImZ
791,Nelie,Dufton,nduftonlz@gov.uk,HcCzVifQnuNd
792,Devonna,Broome,dbroomem0@sina.com.cn,JONjKcymWn
793,Morty,O'Fergus,mofergusm1@weibo.com,WKDVNu
794,Rickie,Spalls,rspallsm2@tripod.com,5t2we1KE
795,Anthia,Keller,akellerm3@github.io,LsEX1OJF
796,Gorden,Uttley,guttleym4@cyberchimps.com,FD6LoU8eSLI
797,Braden,Garrettson,bgarrettsonm5@tiny.cc,sCJ9X5TlJ
798,Myrtia,Champe,mchampem6@pcworld.com,M7LZucS8m4
799,Delmar,Berrow,dberrowm7@nationalgeographic.com,va4ScSlDqL
800,Rowe,Bercevelo,rbercevelom8@walmart.com,BBeaUtBB
801,Carline,M'Quhan,cmquhanm9@yellowpages.com,HTZEd7m9
802,Cathryn,Demogeot,cdemogeotma@who.int,hbc0jZ
803,Carleen,Claiden,cclaidenmb@eventbrite.com,EHtToWn4
804,Nicolais,Dowers,ndowersmc@a8.net,fDwDAfiiap
805,Keenan,Wauchope,kwauchopemd@google.co.uk,WmdXGZM8RFN
806,Monty,Limeburner,mlimeburnerme@narod.ru,yT6orPRNOIC
807,Osbourne,Kinnard,okinnardmf@indiegogo.com,YP6DWaulPY6E
808,Frederic,Foran,fforanmg@tmall.com,MjWx2GxECYt0
809,Joyous,Dunbobbin,jdunbobbinmh@mozilla.com,Yw6Jgg
810,Poul,Simmonds,psimmondsmi@fc2.com,lwIxLF
811,Ludovika,Duligal,lduligalmj@bloglines.com,cL82qX
812,Melina,Tenniswood,mtenniswoodmk@hexun.com,jeCCZIzO
813,Olav,Christon,ochristonml@redcross.org,xBWzEFthj
814,Moyna,Vize,mvizemm@wsj.com,zlIM2o
815,Anthea,Vasyukhnov,avasyukhnovmn@photobucket.com,OfFZTWMFGn
816,Dianna,Audrey,daudreymo@linkedin.com,oWkJtUairCay
817,Constantino,Elgey,celgeymp@4shared.com,fAZ38AcG4
818,Konrad,Siflet,ksifletmq@opensource.org,5RXQQdkl
819,Verina,Lampke,vlampkemr@fastcompany.com,QPMGSmz
820,Charlie,Macek,cmacekms@canalblog.com,VHvOrrXNNq5
821,Raimund,Foli,rfolimt@github.com,d6AUgRpUE
822,Hope,Jansen,hjansenmu@dropbox.com,hMeC8xJYfQ
823,Malina,Molson,mmolsonmv@buzzfeed.com,gd2VeZHBe7
824,Maria,Trickey,mtrickeymw@nydailynews.com,k3NCGJ
825,Wyndham,Blinckhorne,wblinckhornemx@psu.edu,Jtdf90lj1
826,Emilee,Casarino,ecasarinomy@dedecms.com,rLX36Z
827,Hayden,Dewar,hdewarmz@rediff.com,UUU5fFb8
828,Norene,Gutcher,ngutchern0@feedburner.com,U56CgzHz
829,Holly-anne,Rableau,hrableaun1@mapquest.com,Sa7XGu
830,Sigfried,Colbran,scolbrann2@1688.com,bpz9aK
831,Hale,Saintsbury,hsaintsburyn3@dell.com,hxSlsC4XuhnM
832,Deny,Eddow,deddown4@cloudflare.com,0V3dTKtU
833,Amory,Mingauld,amingauldn5@si.edu,9HxItWUE
834,Gustavus,Culbert,gculbertn6@loc.gov,O4PNxoj
835,Sidoney,Enrich,senrichn7@google.cn,RTVjcC3lE
836,Aeriela,Haggie,ahaggien8@mac.com,rjdt3G
837,Bab,Maw,bmawn9@npr.org,8UqRBRI
838,Mano,Bangham,mbanghamna@businessweek.com,JPsB1L6A
839,Suki,Brownlow,sbrownlownb@columbia.edu,YkyFkY
840,Oswell,Widdison,owiddisonnc@delicious.com,vWwGv2
841,Fabian,Macias,fmaciasnd@booking.com,crEpKc
842,Tabbie,Murden,tmurdenne@dagondesign.com,ns4qlS2orQt
843,Clerc,Wickey,cwickeynf@uol.com.br,wCdXx9E8
844,Malina,Scarsbrick,mscarsbrickng@behance.net,TkXRtc
845,Allin,Kennard,akennardnh@about.com,1vsqMTPiht5
846,Kacie,Logan,kloganni@devhub.com,ErYql3FB
847,Brear,Jennison,bjennisonnj@imdb.com,zLxFLV
848,Joanne,Gudgion,jgudgionnk@imageshack.us,2dXjc1iM7K
849,Sibley,Jacobssen,sjacobssennl@123-reg.co.uk,RCr6HXmKZj
850,Darci,Rubinovitsch,drubinovitschnm@tripod.com,V1c8Qj
851,Peg,Kleen,pkleennn@fema.gov,59c41N
852,Arabel,Dursley,adursleyno@rambler.ru,pPOzg4L
853,Orv,Howsley,ohowsleynp@bandcamp.com,CPcHe1Ep
854,Biron,Goby,bgobynq@lycos.com,oara8f
855,Harlene,Chrismas,hchrismasnr@wired.com,7YtAaF5
856,Anastassia,Cromblehome,acromblehomens@hud.gov,Yw19i3v3ozI
857,Marje,Vasilchenko,mvasilchenkont@epa.gov,wZclTX9t
858,Duke,Stookes,dstookesnu@hud.gov,EsJJftmsvSO1
859,King,Kornacki,kkornackinv@eventbrite.com,OqjoFF
860,Rainer,Langtree,rlangtreenw@shinystat.com,nqnRr09Vzv
861,Onfre,Seago,oseagonx@aboutads.info,CamGwnHENLw
862,Tommy,Arnson,tarnsonny@smh.com.au,NGakkGDC
863,Pauletta,Molines,pmolinesnz@ocn.ne.jp,s102N4
864,Kiel,Moulin,kmoulino0@army.mil,KRiIKK1KiB
865,Lynde,Ortiga,lortigao1@illinois.edu,3kO7pDW
866,Roz,Linggood,rlinggoodo2@wix.com,1M94yDf92r
867,Dolorita,Pelling,dpellingo3@usgs.gov,MfXiWvvch
868,Veradis,Seiter,vseitero4@lulu.com,uaWEO6D
869,Lorette,Kirkland,lkirklando5@usgs.gov,8CS0xPxZHlM
870,Wiley,Birts,wbirtso6@trellian.com,I35kKy
871,Orsola,Stopforth,ostopfortho7@google.pl,sHGpy10sNUS
872,Merle,Glasspool,mglasspoolo8@ed.gov,b9Ivjzpn
873,Edward,Stonelake,estonelakeo9@biglobe.ne.jp,cESJHB
874,Briano,Jouannisson,bjouannissonoa@archive.org,0leHKot6
875,Imelda,Mahon,imahonob@twitpic.com,s13JTW64MQm
876,Westleigh,Lippett,wlippettoc@sbwire.com,fkWaQee
877,Toby,Heningham,theninghamod@macromedia.com,po7LXLX
878,Harriette,Sausman,hsausmanoe@quantcast.com,FK1RBoEI90l
879,Lorene,Cutridge,lcutridgeof@squarespace.com,FV2ZRlbnvD2H
880,Solly,Wyper,swyperog@sciencedaily.com,VJpCGLd4tji
881,Davita,Edinburgh,dedinburghoh@fema.gov,aDgZAS6Ydx
882,Rurik,Scollan,rscollanoi@sakura.ne.jp,0QjHhI
883,Tremain,Harm,tharmoj@zimbio.com,5aBtH3
884,Berkly,Poynor,bpoynorok@redcross.org,X4DUgyrcoqdy
885,Bern,Bristow,bbristowol@storify.com,FafWBmcjF
886,Francis,Grice,fgriceom@addthis.com,gktKBWRNuj
887,Darcy,Housden,dhousdenon@ihg.com,oX9g0VleUca9
888,Viki,Espie,vespieoo@google.ru,uxkpHY7
889,Ruddie,Nightingale,rnightingaleop@blogger.com,J2O6aTwHyCRd
890,Jobie,Beceril,jbeceriloq@sphinn.com,12zX2HKEcz
891,Lorelle,Blankenship,lblankenshipor@nymag.com,sCISEVE
892,Merle,MacCall,mmaccallos@redcross.org,sgOMW8VjL49l
893,Douglas,Josephi,djosephiot@geocities.jp,Dgb6Gpb0qWw
894,Windy,Legges,wleggesou@wikia.com,m93Bdj
895,Vite,Kaveney,vkaveneyov@huffingtonpost.com,GbtnOhPI
896,Tonia,Selwyne,tselwyneow@fda.gov,5FX5gCh0wUTC
897,Herta,Rudloff,hrudloffox@oracle.com,VlsvOeKEMV
898,Dael,Shanahan,dshanahanoy@com.com,mDN3kr
899,Shara,Orrick,sorrickoz@cafepress.com,Xov1nqh
900,Kerr,Brigman,kbrigmanp0@a8.net,GpYNAJC
901,Lina,Brownlow,lbrownlowp1@ocn.ne.jp,yYajz7tr
902,Tailor,Heis,theisp2@soup.io,o38i7E
903,Mersey,Brecher,mbrecherp3@nyu.edu,LhKVXqHmY
904,Base,Wrixon,bwrixonp4@dot.gov,tRbUpm0CE
905,Del,Eardley,deardleyp5@domainmarket.com,gmDUAasnC
906,Northrop,Muir,nmuirp6@hatena.ne.jp,GZ0FRmYNF5R
907,Francklin,Girardini,fgirardinip7@printfriendly.com,Ie3bvJtFE
908,Hewie,Nodes,hnodesp8@prnewswire.com,O9hGvHzHoquS
909,Pall,Shoobridge,pshoobridgep9@ted.com,UEn9zy
910,Fifi,Lurcock,flurcockpa@delicious.com,8BV1kFjY
911,Annelise,Joye,ajoyepb@sbwire.com,0H5BLflis
912,Rand,Searle,rsearlepc@cbc.ca,yHx2lf
913,Bertrando,Angove,bangovepd@wikipedia.org,nj2yZyUUKU
914,Sheppard,Duckworth,sduckworthpe@last.fm,tXXqk0NdKO
915,Cross,Westwick,cwestwickpf@wsj.com,83uiE0P1
916,Shena,Cristofaro,scristofaropg@epa.gov,GMjDB6BWH9
917,Yolanda,Suggitt,ysuggittph@mlb.com,iBZoWM0vWH
918,Reginald,Loffill,rloffillpi@gov.uk,9gdZD4yciZTY
919,Regan,Martinez,rmartinezpj@networksolutions.com,c3BUF0bi
920,Rorke,Grishinov,rgrishinovpk@umn.edu,RgcAx3GKe
921,Rinaldo,Stonnell,rstonnellpl@ehow.com,4E3ZEbE
922,Christy,Freer,cfreerpm@senate.gov,xGbCTEN
923,Lazarus,Dignall,ldignallpn@prnewswire.com,OcH0wv05
924,Rube,Perdue,rperduepo@illinois.edu,1di3ZuCx
925,Valery,Latore,vlatorepp@usda.gov,P4L60mMYaUZw
926,Lauralee,Hands,lhandspq@hp.com,lgbiAt
927,Thorndike,Bacher,tbacherpr@google.com,4CDfg8ej
928,Tersina,Kleisel,tkleiselps@wordpress.com,F51A8PuxF
929,Ingemar,Schoroder,ischoroderpt@reverbnation.com,atBQeSbfMQpD
930,Elva,Wellington,ewellingtonpu@github.io,k6qMR05
931,Annabelle,Phethean,aphetheanpv@friendfeed.com,A7ca7ixK
932,Jessie,Snashall,jsnashallpw@dmoz.org,T8e89iEIB0
933,Etty,Crosgrove,ecrosgrovepx@msu.edu,6QZn5L
934,Lucine,Lysons,llysonspy@51.la,ZUZRoW4ttg
935,Darcee,Strahan,dstrahanpz@merriam-webster.com,4Gn04ENtV
936,Yardley,Bjerkan,ybjerkanq0@biglobe.ne.jp,VdOPV0YRX9hv
937,Ivett,Toplin,itoplinq1@cornell.edu,VDdQlTtJ2
938,Luciana,Panichelli,lpanichelliq2@edublogs.org,DDYqf4UDBp6
939,Rosana,Libbe,rlibbeq3@yolasite.com,8bxOp2
940,Jeffie,Sainte Paul,jsaintepaulq4@dmoz.org,uvPizbbIJk
941,Kev,Dallmann,kdallmannq5@apple.com,MVt4ew1LZ
942,Myrilla,Doogood,mdoogoodq6@ustream.tv,bxyRHWzd
943,Devora,Zellner,dzellnerq7@yahoo.com,tF2a4I7re
944,Jerad,Esome,jesomeq8@tmall.com,GNsk5XsBw
945,Ganny,Davidescu,gdavidescuq9@sina.com.cn,e2DFcLFA
946,Darren,Castells,dcastellsqa@bing.com,Xu6ebJIqrS
947,Steward,Hewlings,shewlingsqb@comsenz.com,X59cCL19
948,Goldarina,De'Vere - Hunt,gdeverehuntqc@fc2.com,6NcdvPtSxjtj
949,Hulda,MacGeffen,hmacgeffenqd@wp.com,PLN7y37rC6r2
950,Leticia,Roeby,lroebyqe@amazonaws.com,K7LYJisI6Kg
951,Essie,Sanson,esansonqf@bloomberg.com,FxQfS8Hv7FDX
952,Isabeau,Wensley,iwensleyqg@earthlink.net,agAHWOtx
953,Yancey,Dunmore,ydunmoreqh@indiegogo.com,uk0VPd
954,Ferne,Jimpson,fjimpsonqi@nps.gov,QdA5QUZ5OVaQ
955,Joly,Matfield,jmatfieldqj@sciencedaily.com,CHKjDAnh90M
956,Alwin,Bartholomaus,abartholomausqk@google.it,0xQooj9dNldu
957,Lem,Jeays,ljeaysql@gizmodo.com,dBdUECEJY
958,Rowland,Frowde,rfrowdeqm@prnewswire.com,b3ToeOQ1I1
959,Batholomew,Brandes,bbrandesqn@w3.org,XbAmkltnXHv4
960,Simone,Sansom,ssansomqo@behance.net,gnQ0jkPYNwLS
961,Anthony,Munro,amunroqp@paginegialle.it,BCAFTS7pzI
962,Sanders,Behr,sbehrqq@addtoany.com,pWibNhYg40
963,Adolf,Bagenal,abagenalqr@dyndns.org,aMzYApH
964,Orton,Dach,odachqs@topsy.com,UQWRYc5L
965,Juieta,Goudy,jgoudyqt@nps.gov,tEk4ycYXj7A
966,Dory,Leverage,dleveragequ@wikispaces.com,AIDnYV
967,Randy,Fishlock,rfishlockqv@boston.com,YfmPkrJbk
968,Clayborne,McElrea,cmcelreaqw@hubpages.com,c6IHC1VES4H
969,Jillane,Micah,jmicahqx@unblog.fr,AagRBI57
970,Lindsey,Bendan,lbendanqy@deliciousdays.com,RlpL69bTdZoS
971,Joye,Warlton,jwarltonqz@army.mil,iVWyFu8Cjth5
972,Vi,Reuter,vreuterr0@1und1.de,vwT9pkVh
973,Rheba,Bulleyn,rbulleynr1@unicef.org,lUgbdA0
974,Emmalynn,Rimmer,erimmerr2@youtube.com,ZPhLYwxPqyQ
975,Danni,Overington,doveringtonr3@netlog.com,MVAtoK0yNy
976,Estrella,Metterick,emetterickr4@unesco.org,fHNhpSrG
977,Konstance,Shilston,kshilstonr5@canalblog.com,MSZXQQa4Q1SM
978,Duff,Pirnie,dpirnier6@networksolutions.com,26VOZZf3u
979,Gibb,Fitzackerley,gfitzackerleyr7@photobucket.com,aoBzFO
980,Milena,Lyddiatt,mlyddiattr8@techcrunch.com,aEP0dO7
981,Gretta,Pritchitt,gpritchittr9@pagesperso-orange.fr,35RjRH544V
982,Jillana,Edridge,jedridgera@icq.com,2xTwT4fZMM1
983,Albert,Leedes,aleedesrb@youku.com,gkhLJfN
984,Phillipp,Erickson,pericksonrc@cam.ac.uk,6zUVHg5PM
985,Blondelle,Bloxsum,bbloxsumrd@posterous.com,aRKzXEf
986,Junia,Lagne,jlagnere@twitpic.com,jhsjEeJm0
987,Giuditta,Najafian,gnajafianrf@flavors.me,vAuXkn7LVC2
988,Billy,Goodacre,bgoodacrerg@cargocollective.com,okisKFp
989,Linet,Hemerijk,lhemerijkrh@google.ca,cCoiBtNSx6Z
990,Arlen,Kibel,akibelri@theatlantic.com,6XJJHc
991,Stewart,Marcos,smarcosrj@cbc.ca,04y2Ib
992,Brear,O' Byrne,bobyrnerk@admin.ch,zuWPyjiVdUqP
993,Nikolaos,Peacop,npeacoprl@state.tx.us,nGNgW34aFUXc
994,Conchita,Fforde,cfforderm@bbb.org,8pzUg6dqQ
995,Goldi,Drynan,gdrynanrn@mlb.com,Y7j3mxmkXT
996,Sly,Whiskin,swhiskinro@etsy.com,tFBheIzrOTm
997,Inesita,Fitzpatrick,ifitzpatrickrp@odnoklassniki.ru,4GkHlDEJrft
998,Misty,Greveson,mgrevesonrq@businesswire.com,JnfOCUPPvTMO
999,Annmaria,Shaughnessy,ashaughnessyrr@discuz.net,VWvaz9Xcml
